name,state_name,country_code,latitude,longitude
Aladağ,Adana,TR,37.55854000,35.40196000
Ceyhan,Adana,TR,37.02472000,35.81750000
Çukurova,Adana,TR,37.05627000,35.13119000
Feke,Adana,TR,37.82405000,35.91826000
İmamoğlu,Adana,TR,37.27500000,35.66649000
Karaisalı,Adana,TR,37.26655000,35.05033000
Karataş,Adana,TR,36.57186000,35.36784000
Kozan,Adana,TR,37.50000000,35.75000000
Pozantı,Adana,TR,37.43671000,34.88057000
Saimbeyli,Adana,TR,37.99615000,36.09909000
Sarıçam,Adana,TR,37.14971000,35.50949000
Seyhan,Adana,TR,36.95540000,35.21637000
Tufanbeyli,Adana,TR,38.27343000,36.22731000
Yumurtalık,Adana,TR,36.78245000,35.79949000
Yüreğir,Adana,TR,36.99205000,35.45402000
Besni,Adıyaman,TR,37.69278000,37.86111000
Çelikhan,Adıyaman,TR,38.02560000,38.23665000
Gerger,Adıyaman,TR,37.95000000,39.01667000
Gölbaşı,Adıyaman,TR,37.78361000,37.63667000
Kâhta,Adıyaman,TR,37.78552000,38.62370000
Adıyaman,Adıyaman,TR,37.74454000,38.26801000
Samsat,Adıyaman,TR,37.58194000,38.47417000
Sincik,Adıyaman,TR,38.03645000,38.61257000
Tut,Adıyaman,TR,37.79529000,37.91610000
Başmakçı,Afyonkarahisar,TR,37.89722000,30.01167000
Bayat,Afyonkarahisar,TR,38.98306000,30.92472000
Bolvadin,Afyonkarahisar,TR,38.71111000,31.04861000
Çay,Afyonkarahisar,TR,38.59167000,31.02861000
Çobanlar,Afyonkarahisar,TR,38.71085000,30.78874000
Dazkırı,Afyonkarahisar,TR,37.91861000,29.86056000
Dinar,Afyonkarahisar,TR,38.06500000,30.16557000
Emirdağ,Afyonkarahisar,TR,39.01972000,31.15000000
Evciler,Afyonkarahisar,TR,38.04139000,29.88667000
Hocalar,Afyonkarahisar,TR,38.57824000,29.96768000
İhsaniye,Afyonkarahisar,TR,39.02916000,30.41639000
İscehisar,Afyonkarahisar,TR,38.93900000,30.75002000
Kızılören,Afyonkarahisar,TR,38.25806000,30.15167000
Afyonkarahisar,Afyonkarahisar,TR,38.79698000,30.51951000
Sandıklı,Afyonkarahisar,TR,38.46472000,30.26946000
Sinanpaşa,Afyonkarahisar,TR,38.74444000,30.24278000
Şuhut,Afyonkarahisar,TR,38.53111000,30.54583000
Sultandağı,Afyonkarahisar,TR,38.53111000,31.22806000
Diyadin,Ağrı,TR,39.54056000,43.67135000
Doğubayazıt,Ağrı,TR,39.54694000,44.08417000
Eleşkirt,Ağrı,TR,39.79803000,42.67574000
Hamur,Ağrı,TR,39.60561000,42.98500000
Ağrı,Ağrı,TR,39.71944000,43.05139000
Patnos,Ağrı,TR,39.22493000,42.85693000
Taşlıçay,Ağrı,TR,39.62966000,43.36878000
Tutak,Ağrı,TR,39.55042000,42.77572000
Ağaçören,Aksaray,TR,38.87484000,33.91674000
Eskil,Aksaray,TR,38.41158000,33.41994000
Gülağaç,Aksaray,TR,38.40641000,34.35071000
Güzelyurt,Aksaray,TR,38.27722000,34.37194000
Aksaray,Aksaray,TR,38.37060000,34.02843000
Ortaköy,Aksaray,TR,38.73728000,34.03866000
Sarıyahşi,Aksaray,TR,38.98349000,33.84136000
Sultanhanı,Aksaray,TR,38.24710000,33.54961000
Göynücek,Amasya,TR,40.39917000,35.52500000
Gümüşhacıköy,Amasya,TR,40.87306000,35.21472000
Hamamözü,Amasya,TR,40.79539000,35.03367000
Amasya,Amasya,TR,40.61939000,35.87016000
Merzifon,Amasya,TR,40.88348000,35.47116000
Suluova,Amasya,TR,40.83129000,35.64788000
Taşova,Amasya,TR,40.75972000,36.32250000
Akyurt,Ankara,TR,40.13512000,33.08614000
Altındağ,Ankara,TR,40.00110000,32.97022000
Ayaş,Ankara,TR,40.01933000,32.33221000
Bala,Ankara,TR,39.56374000,33.12962000
Beypazarı,Ankara,TR,40.16750000,31.92111000
Çamlıdere,Ankara,TR,40.48958000,32.47499000
Çankaya,Ankara,TR,39.91790000,32.86268000
Çubuk,Ankara,TR,40.23861000,33.03222000
Elmadağ,Ankara,TR,39.92083000,33.23083000
Etimesgut,Ankara,TR,39.96335000,32.63744000
Evren,Ankara,TR,39.02402000,33.80626000
Gölbaşı,Ankara,TR,39.79043000,32.80903000
Güdül,Ankara,TR,40.21051000,32.24552000
Haymana,Ankara,TR,39.43212000,32.49732000
Kahramankazan,Ankara,TR,40.16502000,32.63904000
Kalecik,Ankara,TR,40.09722000,33.40833000
Keçiören,Ankara,TR,40.02106000,32.83102000
Kızılcahamam,Ankara,TR,40.46972000,32.65056000
Mamak,Ankara,TR,39.94587000,32.90811000
Nallıhan,Ankara,TR,40.18593000,31.35179000
Polatlı,Ankara,TR,39.57715000,32.14132000
Pursaklar,Ankara,TR,40.03961000,32.90139000
Şereflikoçhisar,Ankara,TR,38.93925000,33.53860000
Sincan,Ankara,TR,39.95943000,32.49567000
Yenimahalle,Ankara,TR,39.99043000,32.69555000
Akseki,Antalya,TR,37.04861000,31.79000000
Aksu,Antalya,TR,36.95389000,30.84778000
Alanya,Antalya,TR,36.54375000,31.99982000
Demre,Antalya,TR,36.24444000,29.98500000
Döşemealtı,Antalya,TR,37.02366000,30.59040000
Elmalı,Antalya,TR,36.73583000,29.91775000
Finike,Antalya,TR,36.42355000,30.06645000
Gazipaşa,Antalya,TR,36.26942000,32.31792000
Gündoğmuş,Antalya,TR,36.82446000,32.00679000
İbradı,Antalya,TR,37.09694000,31.59917000
Kaş,Antalya,TR,36.20176000,29.63766000
Kemer,Antalya,TR,36.59778000,30.56056000
Kepez,Antalya,TR,37.01187000,30.75966000
Konyaaltı,Antalya,TR,36.86424000,30.62714000
Korkuteli,Antalya,TR,37.06498000,30.19565000
Kumluca,Antalya,TR,36.58000000,30.30000000
Manavgat,Antalya,TR,36.78667000,31.44306000
Muratpaşa,Antalya,TR,36.89157000,30.76498000
Serik,Antalya,TR,37.07743000,31.00677000
Çıldır,Ardahan,TR,41.13783000,43.14169000
Damal,Ardahan,TR,41.34145000,42.83680000
Göle,Ardahan,TR,40.78746000,42.60603000
Hanak,Ardahan,TR,41.23344000,42.84037000
Ardahan,Ardahan,TR,41.10871000,42.70222000
Posof,Ardahan,TR,41.51111000,42.72917000
Ardanuç,Artvin,TR,41.12738000,42.06292000
Arhavi,Artvin,TR,41.35121000,41.30456000
Borçka,Artvin,TR,41.35792000,41.66579000
Hopa,Artvin,TR,41.39046000,41.41966000
Kemalpaşa,Artvin,TR,41.48336000,41.52750000
Artvin,Artvin,TR,41.18161000,41.82172000
Murgul,Artvin,TR,41.27937000,41.55514000
Şavşat,Artvin,TR,41.24027000,42.36109000
Yusufeli,Artvin,TR,40.82042000,41.53743000
Bozdoğan,Aydın,TR,37.67134000,28.31395000
Buharkent,Aydın,TR,37.96397000,28.74270000
Çine,Aydın,TR,37.61266000,28.05912000
Didim,Aydın,TR,37.39305000,27.29357000
Efeler,Aydın,TR,37.83835000,27.84557000
Germencik,Aydın,TR,37.87056000,27.60283000
İncirliova,Aydın,TR,37.85222000,27.72361000
Karacasu,Aydın,TR,37.74731000,28.59402000
Karpuzlu,Aydın,TR,37.55861000,27.83528000
Koçarlı,Aydın,TR,37.76113000,27.70583000
Köşk,Aydın,TR,37.85333000,28.05167000
Kuşadası,Aydın,TR,37.86014000,27.25713000
Kuyucak,Aydın,TR,37.91330000,28.45917000
Nazilli,Aydın,TR,37.93570000,28.30609000
Söke,Aydın,TR,37.74820000,27.40614000
Sultanhisar,Aydın,TR,37.88989000,28.15436000
Yenipazar,Aydın,TR,37.82332000,28.19573000
Altıeylül,Balıkesir,TR,39.64099000,27.88639000
Ayvalık,Balıkesir,TR,39.31927000,26.69341000
Balya,Balıkesir,TR,39.74861000,27.57889000
Bandırma,Balıkesir,TR,40.35222000,27.97667000
Bigadiç,Balıkesir,TR,39.39250000,28.13111000
Burhaniye,Balıkesir,TR,39.50041000,26.97269000
Dursunbey,Balıkesir,TR,39.58596000,28.62568000
Edremit,Balıkesir,TR,39.59611000,27.02444000
Erdek,Balıkesir,TR,40.39960000,27.79348000
Gömeç,Balıkesir,TR,39.39016000,26.84127000
Gönen,Balıkesir,TR,40.10490000,27.65399000
Havran,Balıkesir,TR,39.55833000,27.09833000
İvrindi,Balıkesir,TR,39.58389000,27.48639000
Karesi,Balıkesir,TR,39.64833300,27.88250000
Kepsut,Balıkesir,TR,39.68889000,28.15222000
Manyas,Balıkesir,TR,40.04639000,27.97000000
Marmara,Balıkesir,TR,40.58633000,27.55541000
Savaştepe,Balıkesir,TR,39.38319000,27.65612000
Sındırgı,Balıkesir,TR,39.24128000,28.17842000
Susurluk,Balıkesir,TR,39.91361000,28.15778000
Amasra,Bartın,TR,41.74633000,32.38633000
Kurucaşile,Bartın,TR,41.83781000,32.71621000
Bartın,Bartın,TR,41.63583000,32.33750000
Ulus,Bartın,TR,41.59373000,32.65066000
Beşiri,Batman,TR,37.91573000,41.28650000
Gercüş,Batman,TR,37.59139000,41.33278000
Hasankeyf,Batman,TR,37.70612000,41.40480000
Kozluk,Batman,TR,38.19249000,41.48705000
Batman,Batman,TR,37.84362000,41.18341000
Sason,Batman,TR,38.32767000,41.41377000
Aydıntepe,Bayburt,TR,40.38325000,40.14272000
Demirözü,Bayburt,TR,40.16560000,39.89343000
Bayburt,Bayburt,TR,40.25631000,40.22289000
Bozüyük,Bilecik,TR,39.90778000,30.03667000
Gölpazarı,Bilecik,TR,40.28472000,30.31722000
İnhisar,Bilecik,TR,40.04932000,30.38521000
Bilecik,Bilecik,TR,40.14192000,29.97932000
Osmaneli,Bilecik,TR,40.35722000,30.01417000
Pazaryeri,Bilecik,TR,39.99395000,29.90424000
Söğüt,Bilecik,TR,40.02479000,30.17300000
Yenipazar,Bilecik,TR,40.17833000,30.52000000
Adaklı,Bingöl,TR,39.22870000,40.48252000
Genç,Bingöl,TR,38.74773000,40.55343000
Karlıova,Bingöl,TR,39.29044000,41.00594000
Kiğı,Bingöl,TR,39.30894000,40.34995000
Bingöl,Bingöl,TR,38.95025000,40.52802000
Solhan,Bingöl,TR,38.96525000,41.05443000
Yayladere,Bingöl,TR,39.22614000,40.06950000
Yedisu,Bingöl,TR,39.43277000,40.53368000
Adilcevaz,Bitlis,TR,38.79911000,42.73159000
Ahlat,Bitlis,TR,38.74890000,42.48007000
Güroymak,Bitlis,TR,38.57580000,42.01558000
Hizan,Bitlis,TR,38.22498000,42.41830000
Bitlis,Bitlis,TR,38.31702000,42.10065000
Mutki,Bitlis,TR,38.40624000,41.92018000
Tatvan,Bitlis,TR,38.49221000,42.28269000
Dörtdivan,Bolu,TR,40.72052000,32.06314000
Gerede,Bolu,TR,40.71364000,32.31263000
Göynük,Bolu,TR,40.40028000,30.78833000
Kıbrıscık,Bolu,TR,40.40778000,31.85194000
Mengen,Bolu,TR,40.93877000,32.07642000
Bolu,Bolu,TR,40.73583000,31.60611000
Mudurnu,Bolu,TR,40.47300000,31.20755000
Seben,Bolu,TR,40.41134000,31.57359000
Yeniçağa,Bolu,TR,40.77115000,32.03375000
Ağlasun,Burdur,TR,37.64944000,30.53417000
Altınyayla,Burdur,TR,36.99722000,29.54579000
Bucak,Burdur,TR,37.45917000,30.59500000
Çavdır,Burdur,TR,37.16483000,29.69937000
Çeltikçi,Burdur,TR,37.53885000,30.46823000
Gölhisar,Burdur,TR,37.14590000,29.50876000
Karamanlı,Burdur,TR,37.37301000,29.82308000
Kemer,Burdur,TR,37.35222000,30.06306000
Burdur,Burdur,TR,37.62762000,30.20408000
Tefenni,Burdur,TR,37.30968000,29.77538000
Yeşilova,Burdur,TR,37.50806000,29.75472000
Büyükorhan,Bursa,TR,39.78223000,28.89338000
Gemlik,Bursa,TR,40.43510000,29.14943000
Gürsu,Bursa,TR,40.25498000,29.21183000
Harmancık,Bursa,TR,39.67743000,29.15523000
İnegöl,Bursa,TR,40.07806000,29.51333000
İznik,Bursa,TR,40.42861000,29.72111000
Karacabey,Bursa,TR,40.21323000,28.36120000
Keles,Bursa,TR,39.91361000,29.22944000
Kestel,Bursa,TR,40.19828000,29.21237000
Mudanya,Bursa,TR,40.33342000,28.77218000
Mustafakemalpaşa,Bursa,TR,40.03815000,28.40866000
Nilüfer,Bursa,TR,40.21375000,28.98464000
Orhaneli,Bursa,TR,39.90333000,28.99056000
Orhangazi,Bursa,TR,40.48917000,29.30889000
Osmangazi,Bursa,TR,40.15644000,29.08753000
Yenişehir,Bursa,TR,40.26444000,29.65306000
Yıldırım,Bursa,TR,40.19567000,29.03640000
Ayvacık,Çanakkale,TR,39.60111000,26.40472000
Bayramiç,Çanakkale,TR,39.81951000,26.62490000
Biga,Çanakkale,TR,40.26921000,27.20841000
Bozcaada,Çanakkale,TR,39.82409000,26.04069000
Çan,Çanakkale,TR,40.03328000,27.05236000
Eceabat,Çanakkale,TR,40.18416000,26.35740000
Ezine,Çanakkale,TR,39.78561000,26.34083000
Gelibolu,Çanakkale,TR,40.41028000,26.67083000
Gökçeada,Çanakkale,TR,40.16523000,25.85907000
Lapseki,Çanakkale,TR,40.34417000,26.68556000
Çanakkale,Çanakkale,TR,40.05093000,26.49489000
Yenice,Çanakkale,TR,39.93083000,27.25806000
Atkaracalar,Çankırı,TR,40.81593000,33.07556000
Bayramören,Çankırı,TR,40.94329000,33.20300000
Çerkeş,Çankırı,TR,40.81164000,32.89358000
Eldivan,Çankırı,TR,40.52975000,33.49903000
Ilgaz,Çankırı,TR,40.92511000,33.62586000
Kızılırmak,Çankırı,TR,40.34556000,33.98639000
Korgun,Çankırı,TR,40.73479000,33.51844000
Kurşunlu,Çankırı,TR,40.84101000,33.26028000
Çankırı,Çankırı,TR,40.60000000,33.61666700
Orta,Çankırı,TR,40.62420000,33.10928000
Şabanözü,Çankırı,TR,40.48333000,33.28333000
Yapraklı,Çankırı,TR,40.75785000,33.77819000
Alaca,Çorum,TR,40.16833000,34.84250000
Bayat,Çorum,TR,40.64583000,34.26139000
Boğazkale,Çorum,TR,40.03031000,34.61745000
Dodurga,Çorum,TR,40.85489000,34.80703000
İskilip,Çorum,TR,40.73528000,34.47389000
Kargı,Çorum,TR,41.14377000,34.49342000
Laçin,Çorum,TR,40.77486000,34.88068000
Mecitözü,Çorum,TR,40.52000000,35.29528000
Çorum,Çorum,TR,40.50905000,34.85791000
Oğuzlar,Çorum,TR,40.76323000,34.70813000
Ortaköy,Çorum,TR,40.27352000,35.25175000
Osmancık,Çorum,TR,41.00240000,34.78243000
Sungurlu,Çorum,TR,40.18213000,34.28217000
Uğurludağ,Çorum,TR,40.44631000,34.45259000
Acıpayam,Denizli,TR,37.42385000,29.34941000
Babadağ,Denizli,TR,37.80764000,28.85665000
Baklan,Denizli,TR,37.97694000,29.60861000
Bekilli,Denizli,TR,38.24027000,29.42559000
Beyağaç,Denizli,TR,37.24546000,28.90041000
Bozkurt,Denizli,TR,37.77583000,29.60811000
Buldan,Denizli,TR,38.04500000,28.83056000
Çal,Denizli,TR,38.09371000,29.40467000
Çameli,Denizli,TR,37.08660000,29.35225000
Çardak,Denizli,TR,37.77485000,29.70593000
Çivril,Denizli,TR,38.30139000,29.73861000
Güney,Denizli,TR,38.16454000,29.07324000
Honaz,Denizli,TR,37.77146000,29.34466000
Kale,Denizli,TR,37.43917000,28.84528000
Merkezefendi,Denizli,TR,37.80544000,29.04236000
Pamukkale,Denizli,TR,37.91644000,29.11729000
Sarayköy,Denizli,TR,37.91580000,28.87999000
Serinhisar,Denizli,TR,37.58105000,29.26639000
Tavas,Denizli,TR,37.57351000,29.07058000
Bağlar,Diyarbakır,TR,37.91068000,40.22627000
Bismil,Diyarbakır,TR,37.84514000,40.65931000
Çermik,Diyarbakır,TR,38.13538000,39.44500000
Çınar,Diyarbakır,TR,37.72562000,40.41484000
Çüngüş,Diyarbakır,TR,38.20798000,39.28554000
Dicle,Diyarbakır,TR,38.36571000,40.06450000
Eğil,Diyarbakır,TR,38.25748000,40.07435000
Ergani,Diyarbakır,TR,38.26899000,39.75446000
Hani,Diyarbakır,TR,38.40741000,40.38578000
Hazro,Diyarbakır,TR,38.24903000,40.77129000
Kayapınar,Diyarbakır,TR,37.93800000,40.17310000
Kocaköy,Diyarbakır,TR,38.28889000,40.49786000
Kulp,Diyarbakır,TR,38.49754000,41.00668000
Lice,Diyarbakır,TR,38.45821000,40.63888000
Silvan,Diyarbakır,TR,38.13708000,41.00817000
Sur,Diyarbakır,TR,37.91356000,40.23743000
Yenişehir,Diyarbakır,TR,37.91373000,40.20610000
Akçakoca,Düzce,TR,41.08663000,31.11623000
Çilimli,Düzce,TR,40.90267000,31.05913000
Cumayeri,Düzce,TR,40.88176000,30.94094000
Gölyaka,Düzce,TR,40.78644000,31.00276000
Gümüşova,Düzce,TR,40.85640000,30.94935000
Kaynaşlı,Düzce,TR,40.77908000,31.31135000
Düzce,Düzce,TR,40.83889000,31.16389000
Yığılca,Düzce,TR,40.96497000,31.45672000
Enez,Edirne,TR,40.72472000,26.08250000
Havsa,Edirne,TR,41.54898000,26.82207000
İpsala,Edirne,TR,40.92115000,26.38273000
Keşan,Edirne,TR,40.85583000,26.63028000
Lâlapaşa,Edirne,TR,41.83951000,26.73561000
Meriç,Edirne,TR,41.19183000,26.42097000
Edirne,Edirne,TR,41.67719000,26.55597000
Süloğlu,Edirne,TR,41.77956000,26.92602000
Uzunköprü,Edirne,TR,41.26597000,26.68850000
Ağın,Elazığ,TR,38.93792000,38.71155000
Alacakaya,Elazığ,TR,38.46269800,39.86275800
Arıcak,Elazığ,TR,38.56340000,40.12480000
Baskil,Elazığ,TR,38.56866000,38.81634000
Karakoçan,Elazığ,TR,38.95178000,40.02706000
Keban,Elazığ,TR,38.79380000,38.73517000
Kovancılar,Elazığ,TR,38.71882000,39.86268000
Maden,Elazığ,TR,38.39354000,39.67252000
Elazığ,Elazığ,TR,38.66790000,39.21567000
Palu,Elazığ,TR,38.69135000,39.91984000
Sivrice,Elazığ,TR,38.44223000,39.30938000
Çayırlı,Erzincan,TR,39.80454000,40.03724000
İliç,Erzincan,TR,39.45587000,38.56409000
Kemah,Erzincan,TR,39.59606000,39.02329000
Kemaliye,Erzincan,TR,39.26288000,38.49674000
Erzincan,Erzincan,TR,39.73919000,39.49015000
Otlukbeli,Erzincan,TR,39.97000000,40.01872000
Refahiye,Erzincan,TR,39.89315000,38.76607000
Tercan,Erzincan,TR,39.77709000,40.37783000
Üzümlü,Erzincan,TR,39.70943000,39.70125000
Aşkale,Erzurum,TR,39.92083000,40.69500000
Aziziye,Erzurum,TR,39.94028000,41.11153000
Çat,Erzurum,TR,39.61055000,40.97851000
Hınıs,Erzurum,TR,39.35766000,41.69253000
Horasan,Erzurum,TR,40.03885000,42.16366000
İspir,Erzurum,TR,40.47981000,40.99373000
Karaçoban,Erzurum,TR,39.34364000,42.09918000
Karayazı,Erzurum,TR,39.69604000,42.14277000
Köprüköy,Erzurum,TR,39.97178000,41.86804000
Narman,Erzurum,TR,40.34449000,41.86088000
Oltu,Erzurum,TR,40.53945000,41.98722000
Olur,Erzurum,TR,40.82165000,42.13055000
Palandöken,Erzurum,TR,39.85560000,41.27975000
Pasinler,Erzurum,TR,39.97975000,41.66997000
Pazaryolu,Erzurum,TR,40.41142000,40.76780000
Şenkaya,Erzurum,TR,40.55652000,42.34266000
Tekman,Erzurum,TR,39.64111000,41.50542000
Tortum,Erzurum,TR,40.28892000,41.54096000
Uzundere,Erzurum,TR,40.53218000,41.53832000
Yakutiye,Erzurum,TR,40.00132000,41.30997000
Alpu,Eskişehir,TR,39.76903000,30.96060000
Beylikova,Eskişehir,TR,39.68694000,31.20556000
Çifteler,Eskişehir,TR,39.38306000,31.03917000
Günyüzü,Eskişehir,TR,39.39410000,31.81400000
Han,Eskişehir,TR,39.15917000,30.86139000
İnönü,Eskişehir,TR,39.81534000,30.14549000
Mahmudiye,Eskişehir,TR,39.50724000,30.99247000
Mihalgazi,Eskişehir,TR,40.02621000,30.57707000
Mihalıççık,Eskişehir,TR,39.87564000,31.50091000
Odunpazarı,Eskişehir,TR,39.76699000,30.54113000
Sarıcakaya,Eskişehir,TR,40.04671000,30.61994000
Seyitgazi,Eskişehir,TR,39.44472000,30.69472000
Sivrihisar,Eskişehir,TR,39.45037000,31.53409000
Tepebaşı,Eskişehir,TR,39.78430000,30.50206000
Araban,Gaziantep,TR,37.42559000,37.78175000
İslahiye,Gaziantep,TR,36.96528000,36.70972000
Karkamış,Gaziantep,TR,36.83452000,37.99830000
Nizip,Gaziantep,TR,37.00972000,37.79417000
Nurdağı,Gaziantep,TR,37.16821000,36.73623000
Oğuzeli,Gaziantep,TR,36.96572000,37.51339000
Şahinbey,Gaziantep,TR,37.03741000,37.37822000
Şehitkamil,Gaziantep,TR,37.17217000,37.36974000
Yavuzeli,Gaziantep,TR,37.31772000,37.56824000
Alucra,Giresun,TR,40.31924000,38.76528000
Bulancak,Giresun,TR,40.93805000,38.23148000
Çamoluk,Giresun,TR,40.13418000,38.73389000
Çanakçı,Giresun,TR,40.86000000,39.05000000
Dereli,Giresun,TR,40.61300000,38.39000000
Doğankent,Giresun,TR,40.80750000,38.91722000
Espiye,Giresun,TR,40.94705000,38.70299000
Eynesil,Giresun,TR,41.06436000,39.14274000
Görele,Giresun,TR,41.03083000,39.00306000
Güce,Giresun,TR,40.89368000,38.80855000
Keşap,Giresun,TR,40.91387000,38.51442000
Giresun,Giresun,TR,40.82660000,38.36085000
Piraziz,Giresun,TR,40.92244000,38.12458000
Şebinkarahisar,Giresun,TR,40.28833000,38.42361000
Tirebolu,Giresun,TR,41.00633000,38.84980000
Yağlıdere,Giresun,TR,40.85711000,38.63242000
Kelkit,Gümüşhane,TR,40.12682000,39.43424000
Köse,Gümüşhane,TR,40.20692000,39.64626000
Kürtün,Gümüşhane,TR,40.69516000,39.09468000
Gümüşhane,Gümüşhane,TR,40.46843000,39.67441000
Şiran,Gümüşhane,TR,40.19064000,39.11747000
Torul,Gümüşhane,TR,40.55071000,39.28344000
Çukurca,Hakkari,TR,37.24806000,43.61361000
Derecik,Hakkari,TR,37.07242300,44.32434800
Hakkari,Hakkâri,TR,37.57444000,43.74083000
Şemdinli,Hakkari,TR,37.30514000,44.57420000
Yüksekova,Hakkari,TR,37.54627000,44.25827000
Altınözü,Hatay,TR,36.11244000,36.24488000
Antakya,Hatay,TR,36.20655000,36.15722000
Arsuz,Hatay,TR,36.41305000,35.89033000
Belen,Hatay,TR,36.48866000,36.19489000
Defne,Hatay,TR,36.23739000,36.16364000
Dörtyol,Hatay,TR,36.83917000,36.23025000
Erzin,Hatay,TR,36.95348000,36.19839000
Hassa,Hatay,TR,36.79944000,36.51778000
İskenderun,Hatay,TR,36.58718000,36.17347000
Kırıkhan,Hatay,TR,36.49939000,36.35755000
Kumlu,Hatay,TR,36.36508000,36.45526000
Payas,Hatay,TR,36.75600000,36.21432000
Reyhanlı,Hatay,TR,36.26791000,36.56747000
Samandağ,Hatay,TR,36.08500000,35.98055600
Yayladağı,Hatay,TR,35.90250000,36.06272000
Aralık,Iğdır,TR,39.87277800,44.51916700
Karakoyunlu,Iğdır,TR,39.87036000,43.63014000
Iğdır,Iğdır,TR,39.92371000,44.04500000
Tuzluca,Iğdır,TR,40.03863000,43.65212000
Aksu,Isparta,TR,37.79889000,31.07111000
Atabey,Isparta,TR,37.95083000,30.63861000
Eğirdir,Isparta,TR,37.87462000,30.85042000
Gelendost,Isparta,TR,38.12083000,31.01528000
Gönen,Isparta,TR,37.95639000,30.51140000
Keçiborlu,Isparta,TR,37.94250000,30.30222000
Isparta,Isparta,TR,37.76444000,30.55222000
Şarkikaraağaç,Isparta,TR,38.07944000,31.36639000
Senirkent,Isparta,TR,38.10444000,30.54861000
Sütçüler,Isparta,TR,37.51120000,30.95661000
Uluborlu,Isparta,TR,38.07825000,30.45019000
Yalvaç,Isparta,TR,38.29556000,31.17778000
Yenişarbademli,Isparta,TR,37.70778000,31.38639000
Adalar,İstanbul,TR,40.86913000,29.12064000
Arnavutköy,İstanbul,TR,41.19674000,28.73405000
Ataşehir,İstanbul,TR,40.99104000,29.13471000
Avcılar,İstanbul,TR,41.02355000,28.71860000
Bağcılar,İstanbul,TR,41.04275000,28.83625000
Bahçelievler,İstanbul,TR,41.00652000,28.84099000
Bakırköy,İstanbul,TR,40.98388000,28.83541000
Başakşehir,İstanbul,TR,41.09203000,28.80203000
Bayrampaşa,İstanbul,TR,41.04691000,28.90278000
Beşiktaş,İstanbul,TR,41.07122000,29.02321000
Beykoz,İstanbul,TR,41.13774000,29.16932000
Beylikdüzü,İstanbul,TR,41.00322000,28.64067000
Beyoğlu,İstanbul,TR,41.03786000,28.96767000
Büyükçekmece,İstanbul,TR,41.04521000,28.59573000
Çatalca,İstanbul,TR,41.29651000,28.45419000
Çekmeköy,İstanbul,TR,41.03819000,29.20029000
Esenler,İstanbul,TR,41.07925000,28.85235000
Esenyurt,İstanbul,TR,41.04000000,28.66161000
Eyüpsultan,İstanbul,TR,41.19904000,28.88667000
Fatih,İstanbul,TR,41.01746000,28.94053000
Gaziosmanpaşa,İstanbul,TR,41.07857000,28.89679000
Güngören,İstanbul,TR,41.01787000,28.87882000
Kadıköy,İstanbul,TR,40.98229000,29.09032000
Kâğıthane,İstanbul,TR,41.08319000,28.97826000
Kartal,İstanbul,TR,40.91197000,29.21190000
Küçükçekmece,İstanbul,TR,41.06947000,28.76983000
Maltepe,İstanbul,TR,40.95890000,29.17866000
Pendik,İstanbul,TR,40.94577000,29.33019000
Sancaktepe,İstanbul,TR,40.98949000,29.24320000
Sarıyer,İstanbul,TR,41.21482000,29.05678000
Şile,İstanbul,TR,41.12902000,29.61845000
Silivri,İstanbul,TR,41.18116000,28.19890000
Şişli,İstanbul,TR,41.12514000,29.00013000
Sultanbeyli,İstanbul,TR,40.95264000,29.26797000
Sultangazi,İstanbul,TR,41.21792000,28.71740000
Tuzla,İstanbul,TR,40.86368000,29.31942000
Ümraniye,İstanbul,TR,41.01643000,29.12476000
Üsküdar,İstanbul,TR,41.02274000,29.01366000
Zeytinburnu,İstanbul,TR,41.00824000,28.90952000
Aliağa,İzmir,TR,38.80078000,27.04375000
Balçova,İzmir,TR,38.37302000,27.08714000
Bayındır,İzmir,TR,38.21741000,27.64744000
Bayraklı,İzmir,TR,38.46222000,27.16667000
Bergama,İzmir,TR,39.17088000,27.18918000
Beydağ,İzmir,TR,38.08241000,28.21609000
Bornova,İzmir,TR,38.48492000,27.25235000
Buca,İzmir,TR,38.34813000,27.25053000
Çeşme,İzmir,TR,38.32614000,26.30574000
Çiğli,İzmir,TR,38.48802000,26.96596000
Dikili,İzmir,TR,39.07100000,26.89017000
Foça,İzmir,TR,38.67030000,26.75656000
Gaziemir,İzmir,TR,38.31098000,27.15178000
Güzelbahçe,İzmir,TR,38.37046000,26.86930000
Karabağlar,İzmir,TR,38.36912000,27.12696000
Karaburun,İzmir,TR,38.63640000,26.51094000
Karşıyaka,İzmir,TR,38.46775000,27.11502000
Kemalpaşa,İzmir,TR,38.40883000,27.49100000
Kiraz,İzmir,TR,38.23056000,28.20444000
Kınık,İzmir,TR,39.08722000,27.38333000
Konak,İzmir,TR,38.41448000,27.14412000
Menderes,İzmir,TR,38.24963000,27.13429000
Menemen,İzmir,TR,38.61608000,27.06315000
Narlıdere,İzmir,TR,38.38957000,27.02431000
Ödemiş,İzmir,TR,38.22780000,27.96955000
Seferihisar,İzmir,TR,38.18144000,26.88877000
Selçuk,İzmir,TR,37.95137000,27.36849000
Tire,İzmir,TR,38.06582000,27.72730000
Torbalı,İzmir,TR,38.17603000,27.37182000
Urla,İzmir,TR,38.32292000,26.76403000
Afşin,Kahramanmaraş,TR,38.24769000,36.91399000
Andırın,Kahramanmaraş,TR,37.57757000,36.35492000
Çağlayancerit,Kahramanmaraş,TR,37.74523000,37.28618000
Dulkadiroğlu,Kahramanmaraş,TR,37.58254000,36.91973000
Ekinözü,Kahramanmaraş,TR,38.07007000,37.19414000
Elbistan,Kahramanmaraş,TR,38.20591000,37.19830000
Göksun,Kahramanmaraş,TR,38.02096000,36.49730000
Nurhak,Kahramanmaraş,TR,37.96366000,37.44047000
Onikişubat,Kahramanmaraş,TR,37.59002000,36.90548000
Pazarcık,Kahramanmaraş,TR,37.48685000,37.29961000
Türkoğlu,Kahramanmaraş,TR,37.38417000,36.84626000
Eflani,Karabük,TR,41.42289000,32.95761000
Eskipazar,Karabük,TR,40.95207000,32.54604000
Karabük,Karabük,TR,41.20488000,32.62768000
Ovacık,Karabük,TR,41.08029000,32.93224000
Safranbolu,Karabük,TR,41.25083000,32.69417000
Yenice,Karabük,TR,41.19962000,32.33133000
Ayrancı,Karaman,TR,37.37111000,33.69291000
Başyayla,Karaman,TR,36.75337000,32.68018000
Ermenek,Karaman,TR,36.64043000,32.89179000
Kazımkarabekir,Karaman,TR,37.23028000,32.95889000
Karaman,Karaman,TR,37.18111000,33.21500000
Sarıveliler,Karaman,TR,36.69705000,32.61203000
Akyaka,Kars,TR,40.74093000,43.61432000
Arpaçay,Kars,TR,40.84522000,43.32747000
Digor,Kars,TR,40.37515000,43.41361000
Kağızman,Kars,TR,40.15669000,43.13424000
Kars,Kars,TR,40.59825000,43.08548000
Sarıkamış,Kars,TR,40.32769000,42.58705000
Selim,Kars,TR,40.45772000,42.78287000
Susuz,Kars,TR,40.77910000,43.12769000
Abana,Kastamonu,TR,41.97858000,34.01100000
Ağlı,Kastamonu,TR,41.69283000,33.54487000
Araç,Kastamonu,TR,41.24222000,33.32767000
Azdavay,Kastamonu,TR,41.64267000,33.30000000
Bozkurt,Kastamonu,TR,41.95769000,34.01087000
Çatalzeytin,Kastamonu,TR,41.93795000,34.20285000
Cide,Kastamonu,TR,41.85583000,33.03977000
Daday,Kastamonu,TR,41.47866000,33.46667000
Devrekani,Kastamonu,TR,41.60303000,33.83922000
Doğanyurt,Kastamonu,TR,42.00457000,33.46029000
Hanönü,Kastamonu,TR,41.62705000,34.46667000
İhsangazi,Kastamonu,TR,41.20432000,33.55455000
İnebolu,Kastamonu,TR,41.97472000,33.76083000
Küre,Kastamonu,TR,41.80578000,33.71161000
Kastamonu,Kastamonu,TR,41.37805000,33.77528000
Pınarbaşı,Kastamonu,TR,41.60388000,33.11099000
Şenpazar,Kastamonu,TR,41.81651000,33.21766000
Seydiler,Kastamonu,TR,41.62005000,33.71815000
Taşköprü,Kastamonu,TR,41.50980000,34.21414000
Tosya,Kastamonu,TR,41.01545000,34.04013000
Akkışla,Kayseri,TR,39.00222000,36.17381000
Bünyan,Kayseri,TR,38.84630000,35.86033000
Develi,Kayseri,TR,38.26789000,35.59161000
Felahiye,Kayseri,TR,39.09056000,35.56722000
Hacılar,Kayseri,TR,38.64631000,35.44937000
İncesu,Kayseri,TR,38.63789000,35.19394000
Kocasinan,Kayseri,TR,38.87959000,35.35540000
Melikgazi,Kayseri,TR,38.77933000,35.66076000
Özvatan,Kayseri,TR,39.11737000,35.71149000
Pınarbaşı,Kayseri,TR,38.72285000,36.39314000
Sarıoğlan,Kayseri,TR,39.07694000,35.96671000
Sarız,Kayseri,TR,38.47917000,36.49898000
Talas,Kayseri,TR,38.69080000,35.55380000
Tomarza,Kayseri,TR,38.44722000,35.79917000
Yahyalı,Kayseri,TR,38.10228000,35.35704000
Yeşilhisar,Kayseri,TR,38.33475000,35.11795000
Elbeyli,Kilis,TR,36.67417000,37.46667000
Kilis,Kilis,TR,36.71611000,37.11500000
Musabeyli,Kilis,TR,36.88639000,36.91861000
Polateli,Kilis,TR,36.83694000,37.15083000
Bahşılı,Kırıkkale,TR,39.80979000,33.44080000
Balışeyh,Kırıkkale,TR,39.91411000,33.72333000
Çelebi,Kırıkkale,TR,39.47470000,33.52895000
Delice,Kırıkkale,TR,39.95371000,34.02587000
Karakeçili,Kırıkkale,TR,39.59417000,33.37778000
Keskin,Kırıkkale,TR,39.67306000,33.61361000
Kırıkkale,Kırıkkale,TR,39.84528000,33.50639000
Sulakyurt,Kırıkkale,TR,40.15733000,33.71600000
Yahşihan,Kırıkkale,TR,39.85992000,33.45615000
Babaeski,Kırklareli,TR,41.43250000,27.09306000
Demirköy,Kırklareli,TR,41.83567000,27.77137000
Kofçaz,Kırklareli,TR,41.94481000,27.15829000
Lüleburgaz,Kırklareli,TR,41.41495000,27.37325000
Kırklareli,Kırklareli,TR,41.73508000,27.22521000
Pehlivanköy,Kırklareli,TR,41.34812000,26.92522000
Pınarhisar,Kırklareli,TR,41.62417000,27.52000000
Vize,Kırklareli,TR,41.57250000,27.76583000
Akçakent,Kırşehir,TR,39.63184000,34.08468000
Akpınar,Kırşehir,TR,39.45005000,33.96484000
Boztepe,Kırşehir,TR,39.27979000,34.26657000
Çiçekdağı,Kırşehir,TR,39.60694000,34.40861000
Kaman,Kırşehir,TR,39.35750000,33.72389000
Kırşehir,Kırşehir,TR,39.14583000,34.16389000
Mucur,Kırşehir,TR,39.06147000,34.38286000
Başiskele,Kocaeli,TR,40.64574000,29.90015000
Çayırova,Kocaeli,TR,40.82784000,29.39014000
Darıca,Kocaeli,TR,40.76780000,29.37126000
Derince,Kocaeli,TR,40.75694000,29.81472000
Dilovası,Kocaeli,TR,40.77972000,29.53500000
Gebze,Kocaeli,TR,40.80276000,29.43068000
Gölcük,Kocaeli,TR,40.70323000,29.87216000
İzmit,Kocaeli,TR,40.77521000,29.94624000
Kandıra,Kocaeli,TR,41.07000000,30.15262000
Karamürsel,Kocaeli,TR,40.69129000,29.61649000
Kartepe,Kocaeli,TR,40.75246000,30.02787000
Körfez,Kocaeli,TR,40.76704000,29.78275000
Ahırlı,Konya,TR,37.24828000,32.12419000
Akören,Konya,TR,37.46265000,32.37489000
Akşehir,Konya,TR,38.35750000,31.41639000
Altınekin,Konya,TR,38.30778000,32.86861000
Beyşehir,Konya,TR,37.67735000,31.72458000
Bozkır,Konya,TR,37.18963000,32.24736000
Çeltik,Konya,TR,39.03388000,31.79408000
Cihanbeyli,Konya,TR,38.66072000,32.92437000
Çumra,Konya,TR,37.57320000,32.77446000
Derbent,Konya,TR,38.01422000,32.01639000
Derebucak,Konya,TR,37.39179000,31.50918000
Doğanhisar,Konya,TR,38.14630000,31.67648000
Emirgazi,Konya,TR,37.90222000,33.83722000
Ereğli,Konya,TR,37.51333000,34.04672000
Güneysınır,Konya,TR,37.27977000,32.73735000
Hadim,Konya,TR,36.98776000,32.45674000
Halkapınar,Konya,TR,37.43394000,34.18743000
Hüyük,Konya,TR,37.95388000,31.59639000
Ilgın,Konya,TR,38.27917000,31.91389000
Kadınhanı,Konya,TR,38.23972000,32.21139000
Karapınar,Konya,TR,37.71596000,33.55064000
Karatay,Konya,TR,37.94001000,32.99828000
Kulu,Konya,TR,39.09513000,33.07989000
Meram,Konya,TR,37.83984000,32.47111000
Sarayönü,Konya,TR,38.26201000,32.40457000
Selçuklu,Konya,TR,38.05761000,32.54088000
Seydişehir,Konya,TR,37.41926000,31.84527000
Taşkent,Konya,TR,36.92430000,32.49131000
Tuzlukçu,Konya,TR,38.47778000,31.62639000
Yalıhüyük,Konya,TR,37.30077000,32.08548000
Yunak,Konya,TR,38.81418000,31.73223000
Altıntaş,Kütahya,TR,39.06932000,30.12048000
Aslanapa,Kütahya,TR,39.21581000,29.86990000
Çavdarhisar,Kütahya,TR,39.20333000,29.63094000
Domaniç,Kütahya,TR,39.80194000,29.60918000
Dumlupınar,Kütahya,TR,38.85408000,29.97720000
Emet,Kütahya,TR,39.34300000,29.25847000
Gediz,Kütahya,TR,38.99389000,29.39131000
Hisarcık,Kütahya,TR,39.25987000,29.24134000
Kütahya,Kütahya,TR,39.42417000,29.98333000
Pazarlar,Kütahya,TR,38.99500000,29.12583000
Şaphane,Kütahya,TR,39.02730000,29.22218000
Simav,Kütahya,TR,39.08820000,28.97767000
Tavşanlı,Kütahya,TR,39.54237000,29.49866000
Akçadağ,Malatya,TR,38.33899000,37.97021000
Arapgir,Malatya,TR,39.04117000,38.49516000
Arguvan,Malatya,TR,38.78172000,38.26349000
Battalgazi,Malatya,TR,38.43932000,38.45764000
Darende,Malatya,TR,38.54583000,37.50583000
Doğanşehir,Malatya,TR,38.08574000,37.87116000
Doğanyol,Malatya,TR,38.30746000,39.03431000
Hekimhan,Malatya,TR,38.81622000,37.92882000
Kale,Malatya,TR,39.03333000,38.00000000
Kuluncak,Malatya,TR,38.87656000,37.66279000
Pütürge,Malatya,TR,38.19630000,38.87418000
Yazıhan,Malatya,TR,38.59292000,38.17327000
Yeşilyurt,Malatya,TR,38.29602000,38.24526000
Ahmetli,Manisa,TR,38.51960000,27.93865000
Akhisar,Manisa,TR,38.91852000,27.84006000
Alaşehir,Manisa,TR,38.35083000,28.51718000
Demirci,Manisa,TR,39.04607000,28.65889000
Gölmarmara,Manisa,TR,38.71389000,27.91417000
Gördes,Manisa,TR,38.93278000,28.28942000
Kırkağaç,Manisa,TR,39.10638000,27.66925000
Köprübaşı,Manisa,TR,38.74972000,28.40472000
Kula,Manisa,TR,38.56775000,28.64146000
Salihli,Manisa,TR,38.49254000,28.15264000
Sarıgöl,Manisa,TR,38.23953000,28.69663000
Saruhanlı,Manisa,TR,38.76778000,27.64714000
Şehzadeler,Manisa,TR,38.61660000,27.43861000
Selendi,Manisa,TR,38.74444000,28.86778000
Soma,Manisa,TR,39.18554000,27.60945000
Turgutlu,Manisa,TR,38.51515000,27.73515000
Yunusemre,Manisa,TR,38.62063000,27.40806000
Artuklu,Mardin,TR,37.31714000,40.72473000
Dargeçit,Mardin,TR,37.54616000,41.71652000
Derik,Mardin,TR,37.36431000,40.26883000
Kızıltepe,Mardin,TR,37.18836000,40.57723000
Mazıdağı,Mardin,TR,37.47801000,40.48152000
Midyat,Mardin,TR,37.41908000,41.33909000
Nusaybin,Mardin,TR,37.07028000,41.21465000
Ömerli,Mardin,TR,37.39903000,40.95442000
Savur,Mardin,TR,37.53544000,40.87876000
Yeşilli,Mardin,TR,37.33813000,40.81739000
Akdeniz,Mersin,TR,36.86424000,34.67731000
Anamur,Mersin,TR,36.07508000,32.83691000
Aydıncık,Mersin,TR,36.14370000,33.32016000
Bozyazı,Mersin,TR,36.10820000,32.96113000
Çamlıyayla,Mersin,TR,37.18000000,34.60678000
Erdemli,Mersin,TR,36.60498000,34.30836000
Gülnar,Mersin,TR,36.34148000,33.39921000
Mezitli,Mersin,TR,36.89400000,34.42987000
Mut,Mersin,TR,36.71842000,33.38718000
Silifke,Mersin,TR,36.37778000,33.93444000
Tarsus,Mersin,TR,36.91766000,34.89277000
Toroslar,Mersin,TR,36.87083000,34.60299000
Yenişehir,Mersin,TR,36.81602000,34.57621000
Bodrum,Muğla,TR,37.06500000,27.49819000
Dalaman,Muğla,TR,36.81691000,28.87815000
Datça,Muğla,TR,36.73778000,27.68417000
Fethiye,Muğla,TR,36.64038000,29.12758000
Kavaklıdere,Muğla,TR,37.43929000,28.38402000
Köyceğiz,Muğla,TR,36.97798000,28.72418000
Marmaris,Muğla,TR,36.85500000,28.27417000
Menteşe,Muğla,TR,37.21447000,28.36168000
Milas,Muğla,TR,37.31639000,27.78389000
Ortaca,Muğla,TR,36.83915000,28.76457000
Seydikemer,Muğla,TR,36.64308000,29.34929000
Ula,Muğla,TR,37.10491000,28.41667000
Yatağan,Muğla,TR,37.35864000,28.11441000
Bulanık,Muş,TR,39.08656000,42.27158000
Hasköy,Muş,TR,38.68231000,41.67851000
Korkut,Muş,TR,38.73390000,41.78396000
Malazgirt,Muş,TR,39.14650000,42.53536000
Muş,Muş,TR,38.83793000,41.48332000
Varto,Muş,TR,39.17375000,41.45402000
Acıgöl,Nevşehir,TR,38.55028000,34.50917000
Avanos,Nevşehir,TR,38.71500000,34.84667000
Derinkuyu,Nevşehir,TR,38.37510000,34.73419000
Gülşehir,Nevşehir,TR,38.74594000,34.62524000
Hacıbektaş,Nevşehir,TR,38.94077000,34.55770000
Kozaklı,Nevşehir,TR,39.23204000,34.85585000
Nevşehir,Nevşehir,TR,38.60039000,34.68537000
Ürgüp,Nevşehir,TR,38.57342000,34.94020000
Altunhisar,Niğde,TR,37.99159000,34.37334000
Bor,Niğde,TR,37.89056000,34.55889000
Çamardı,Niğde,TR,37.84157000,34.99005000
Çiftlik,Niğde,TR,38.17580000,34.48535000
Niğde,Niğde,TR,37.96583000,34.67935000
Ulukışla,Niğde,TR,37.54592000,34.58737000
Akkuş,Ordu,TR,40.81000000,36.96000000
Altınordu,Ordu,TR,40.94879000,37.79572000
Aybastı,Ordu,TR,40.69690000,37.40794000
Çamaş,Ordu,TR,40.90200000,37.52786000
Çatalpınar,Ordu,TR,40.88678000,37.44329000
Çaybaşı,Ordu,TR,41.02532000,37.10867000
Fatsa,Ordu,TR,41.02778000,37.50139000
Gölköy,Ordu,TR,40.68726000,37.61660000
Gülyalı,Ordu,TR,40.96682000,38.05679000
Gürgentepe,Ordu,TR,40.78567000,37.58969000
İkizce,Ordu,TR,41.05833000,37.08028000
Kabadüz,Ordu,TR,40.86096000,37.88470000
Kabataş,Ordu,TR,40.75000000,37.45000000
Korgan,Ordu,TR,40.82472000,37.34667000
Kumru,Ordu,TR,40.87444000,37.26389000
Mesudiye,Ordu,TR,40.45446000,37.77353000
Perşembe,Ordu,TR,41.06556000,37.77139000
Ulubey,Ordu,TR,40.86863000,37.75405000
Ünye,Ordu,TR,41.13921000,37.27246000
Bahçe,Osmaniye,TR,37.20105000,36.57687000
Düziçi,Osmaniye,TR,37.25062000,36.47051000
Hasanbeyli,Osmaniye,TR,37.12838000,36.54608000
Kadirli,Osmaniye,TR,37.37389000,36.09611000
Osmaniye,Osmaniye,TR,37.07417000,36.24778000
Sumbas,Osmaniye,TR,37.46169000,36.02914000
Toprakkale,Osmaniye,TR,37.06855000,36.14661000
Ardeşen,Rize,TR,41.19111000,40.98750000
Çamlıhemşin,Rize,TR,41.04593800,41.00527500
Çayeli,Rize,TR,41.08941000,40.73696000
Derepazarı,Rize,TR,41.02472200,40.42555600
Fındıklı,Rize,TR,41.27110000,41.14449000
Güneysu,Rize,TR,40.98130000,40.60465000
Hemşin,Rize,TR,41.05922000,40.90140000
İkizdere,Rize,TR,40.77713000,40.56076000
İyidere,Rize,TR,41.00905000,40.37776000
Kalkandere,Rize,TR,40.92143000,40.43999000
Rize,Rize,TR,41.02083000,40.52194000
Pazar,Rize,TR,41.17917000,40.88417000
Adapazarı,Sakarya,TR,40.78056000,30.40333000
Akyazı,Sakarya,TR,40.68500000,30.62222000
Arifiye,Sakarya,TR,40.71327000,30.36128000
Erenler,Sakarya,TR,40.75564000,30.41453000
Ferizli,Sakarya,TR,40.94082000,30.48583000
Geyve,Sakarya,TR,40.50750000,30.29250000
Hendek,Sakarya,TR,40.79944000,30.74806000
Karapürçek,Sakarya,TR,40.64194000,30.53944000
Karasu,Sakarya,TR,41.09983000,30.68241000
Kaynarca,Sakarya,TR,41.03083000,30.30750000
Kocaali,Sakarya,TR,41.05336000,30.85278000
Pamukova,Sakarya,TR,40.50810000,30.16732000
Sapanca,Sakarya,TR,40.69141000,30.26738000
Serdivan,Sakarya,TR,40.76371000,30.36784000
Söğütlü,Sakarya,TR,40.90590000,30.47448000
Taraklı,Sakarya,TR,40.39694000,30.49278000
Alaçam,Samsun,TR,41.61563000,35.60632000
Asarcık,Samsun,TR,41.03556000,36.23556000
Atakum,Samsun,TR,41.34730000,36.23051000
Ayvacık,Samsun,TR,40.99111000,36.63139000
Bafra,Samsun,TR,41.46082000,35.84435000
Canik,Samsun,TR,41.23858000,36.33694000
Çarşamba,Samsun,TR,41.19889000,36.72194000
Havza,Samsun,TR,40.97056000,35.66222000
İlkadım,Samsun,TR,41.29161000,36.30106000
Kavak,Samsun,TR,41.07833000,36.04250000
Ladik,Samsun,TR,40.91056000,35.89194000
Ondokuzmayıs,Samsun,TR,41.51188000,36.07298000
Salıpazarı,Samsun,TR,41.09352000,36.81718000
Tekkeköy,Samsun,TR,41.14493000,36.46205000
Terme,Samsun,TR,41.20917000,36.97389000
Vezirköprü,Samsun,TR,41.14361000,35.45472000
Yakakent,Samsun,TR,41.63250000,35.52889000
Akçakale,Şanlıurfa,TR,36.71111000,38.94750000
Birecik,Şanlıurfa,TR,37.02577000,37.97841000
Bozova,Şanlıurfa,TR,37.36250000,38.52667000
Ceylanpınar,Şanlıurfa,TR,36.84722000,40.05000000
Eyyübiye,Şanlıurfa,TR,37.21434000,38.79358000
Halfeti,Şanlıurfa,TR,37.24529000,37.86874000
Haliliye,Şanlıurfa,TR,37.14144000,38.79599000
Harran,Şanlıurfa,TR,36.86000000,39.03139000
Hilvan,Şanlıurfa,TR,37.58687000,38.95505000
Karaköprü,Şanlıurfa,TR,37.18029000,38.81109000
Siverek,Şanlıurfa,TR,37.75503000,39.31667000
Suruç,Şanlıurfa,TR,36.97612000,38.42533000
Viranşehir,Şanlıurfa,TR,37.22349000,39.75519000
Baykan,Siirt,TR,38.15754000,41.77330000
Eruh,Siirt,TR,37.74183000,42.17422000
Kurtalan,Siirt,TR,37.92533000,41.68493000
Siirt,Siirt,TR,37.92930000,41.94134000
Pervari,Siirt,TR,37.93573000,42.54927000
Şirvan,Siirt,TR,38.06251000,42.02517000
Tillo,Siirt,TR,37.94911000,42.01210000
Ayancık,Sinop,TR,41.95000000,34.58333300
Boyabat,Sinop,TR,41.46889000,34.76667000
Dikmen,Sinop,TR,41.66000000,35.27055556
Durağan,Sinop,TR,41.42555556,35.05777778
Erfelek,Sinop,TR,41.87926000,34.91838000
Gerze,Sinop,TR,41.81000000,35.19027778
Sinop,Sinop,TR,41.91835000,35.00687000
Saraydüzü,Sinop,TR,41.33722222,34.85361111
Türkeli,Sinop,TR,41.94777778,34.33861111
Akıncılar,Sivas,TR,40.07172000,38.34330000
Altınyayla,Sivas,TR,39.27249000,36.75098000
Divriği,Sivas,TR,39.37100000,38.11370000
Doğanşar,Sivas,TR,40.20841000,37.53123000
Gemerek,Sivas,TR,39.18342000,36.07189000
Gölova,Sivas,TR,40.06194000,38.60667000
Gürün,Sivas,TR,38.72225000,37.27097000
Hafik,Sivas,TR,39.85639000,37.38639000
İmranlı,Sivas,TR,39.87544000,38.11358000
Kangal,Sivas,TR,39.23354000,37.39111000
Koyulhisar,Sivas,TR,40.30184000,37.82336000
Sivas,Sivas,TR,39.71613000,36.97695000
Şarkışla,Sivas,TR,39.35186000,36.40976000
Suşehri,Sivas,TR,40.16005000,38.08413000
Ulaş,Sivas,TR,39.44492000,37.03900000
Yıldızeli,Sivas,TR,39.87601000,36.60652000
Zara,Sivas,TR,39.82406000,37.77499000
Beytüşşebap,Şırnak,TR,37.57144000,43.16515000
Cizre,Şırnak,TR,37.33024000,42.18484000
Güçlükonak,Şırnak,TR,37.47133000,41.91298000
İdil,Şırnak,TR,37.33481000,41.88944000
Şırnak,Şırnak,TR,37.51393000,42.45432000
Silopi,Şırnak,TR,37.24379000,42.46345000
Uludere,Şırnak,TR,37.44074000,42.85236000
Çerkezköy,Tekirdağ,TR,41.28616000,27.99969000
Çorlu,Tekirdağ,TR,41.15917000,27.80000000
Ergene,Tekirdağ,TR,40.85953000,27.27081000
Hayrabolu,Tekirdağ,TR,41.21311000,27.10688000
Kapaklı,Tekirdağ,TR,41.32912000,27.98064000
Malkara,Tekirdağ,TR,40.89000000,26.90111000
Marmaraereğlisi,Tekirdağ,TR,40.97003000,27.95528000
Muratlı,Tekirdağ,TR,41.18345000,27.51454000
Saray,Tekirdağ,TR,41.44431000,27.92194000
Şarköy,Tekirdağ,TR,40.62513000,27.10069000
Süleymanpaşa,Tekirdağ,TR,40.97990000,27.30377000
Almus,Tokat,TR,40.37583000,36.90444000
Artova,Tokat,TR,40.11578000,36.30010000
Başçiftlik,Tokat,TR,40.54694000,37.16917000
Erbaa,Tokat,TR,40.71390000,36.59364000
Tokat,Tokat,TR,40.31389000,36.55444000
Niksar,Tokat,TR,40.60509000,36.97174000
Pazar,Tokat,TR,40.27652000,36.28347000
Reşadiye,Tokat,TR,40.43284000,37.37652000
Sulusaray,Tokat,TR,39.99389000,36.08404000
Turhal,Tokat,TR,40.38750000,36.08111000
Yeşilyurt,Tokat,TR,39.99916000,36.23479000
Zile,Tokat,TR,40.30306000,35.88639000
Akçaabat,Trabzon,TR,41.01970000,39.56293000
Araklı,Trabzon,TR,40.74000000,39.96000000
Arsin,Trabzon,TR,40.86743000,39.92938000
Beşikdüzü,Trabzon,TR,41.05202000,39.23294000
Çarşıbaşı,Trabzon,TR,41.04203000,39.40035000
Çaykara,Trabzon,TR,40.74267000,40.23175000
Dernekpazarı,Trabzon,TR,40.79658000,40.24460000
Düzköy,Trabzon,TR,40.87461000,39.41536000
Hayrat,Trabzon,TR,40.88530000,40.36495000
Köprübaşı,Trabzon,TR,40.80692000,40.11439000
Maçka,Trabzon,TR,40.72127000,39.59786000
Of,Trabzon,TR,40.94055000,40.25918000
Ortahisar,Trabzon,TR,40.88029000,39.88998000
Şalpazarı,Trabzon,TR,40.93826000,39.19006000
Sürmene,Trabzon,TR,40.90588000,40.12792000
Tonya,Trabzon,TR,40.88402000,39.28486000
Vakfıkebir,Trabzon,TR,41.04583000,39.27639000
Yomra,Trabzon,TR,40.95326000,39.85546000
Çemişgezek,Tunceli,TR,39.06234000,38.91400000
Hozat,Tunceli,TR,39.10029000,39.20816000
Mazgirt,Tunceli,TR,39.01783000,39.60064000
Tunceli,Tunceli,TR,39.17114000,39.55570000
Nazımiye,Tunceli,TR,39.17952000,39.82805000
Ovacık,Tunceli,TR,39.35259000,39.20890000
Pertek,Tunceli,TR,38.86574000,39.32273000
Pülümür,Tunceli,TR,39.48662000,39.89874000
Banaz,Uşak,TR,38.73707000,29.75194000
Eşme,Uşak,TR,38.39976000,28.96905000
Karahallı,Uşak,TR,38.32083000,29.53028000
Uşak,Uşak,TR,38.68463000,29.29455000
Sivaslı,Uşak,TR,38.49944000,29.68361000
Ulubey,Uşak,TR,38.41987000,29.29129000
Bahçesaray,Van,TR,38.12460000,42.79825000
Başkale,Van,TR,38.04526000,44.01718000
Çaldıran,Van,TR,39.14317000,43.91068000
Çatak,Van,TR,38.00780000,43.06195000
Edremit,Van,TR,38.37889000,43.29717000
Erciş,Van,TR,39.15123000,43.33705000
Gevaş,Van,TR,38.29210000,43.10189000
Gürpınar,Van,TR,38.32372000,43.40991000
İpekyolu,Van,TR,38.49041000,43.34690000
Muradiye,Van,TR,38.97889000,43.75374000
Özalp,Van,TR,38.65455000,43.98869000
Saray,Van,TR,38.64691000,44.16116000
Tuşba,Van,TR,38.52117800,43.34909300
Altınova,Yalova,TR,40.69495000,29.50986000
Armutlu,Yalova,TR,40.52919000,28.83871000
Çiftlikköy,Yalova,TR,40.66028000,29.32361000
Çınarcık,Yalova,TR,40.64538000,29.12450000
Yalova,Yalova,TR,40.65501000,29.27693000
Termal,Yalova,TR,40.61381000,29.18049000
Akdağmadeni,Yozgat,TR,39.66028000,35.88361000
Aydıncık,Yozgat,TR,40.12727000,35.28765000
Boğazlıyan,Yozgat,TR,39.19627000,35.25420000
Çandır,Yozgat,TR,39.25445000,35.52284000
Çayıralan,Yozgat,TR,39.30278000,35.64389000
Çekerek,Yozgat,TR,40.07306000,35.49472000
Kadışehri,Yozgat,TR,39.99568000,35.79193000
Yozgat,Yozgat,TR,39.82000000,34.80444000
Saraykent,Yozgat,TR,39.69361000,35.51111000
Sarıkaya,Yozgat,TR,39.49361000,35.37694000
Şefaatli,Yozgat,TR,39.50080000,34.76388000
Sorgun,Yozgat,TR,39.81012000,35.18596000
Yenifakılı,Yozgat,TR,39.21142000,35.00036000
Yerköy,Yozgat,TR,39.63806000,34.46722000
Alaplı,Zonguldak,TR,41.18140000,31.38514000
Çaycuma,Zonguldak,TR,41.42639000,32.07556000
Devrek,Zonguldak,TR,41.21917000,31.95583000
Ereğli,Zonguldak,TR,41.23807000,31.60581000
Gökçebey,Zonguldak,TR,41.31339000,32.14981000
Kilimli,Zonguldak,TR,41.49111000,31.83861000
Kozlu,Zonguldak,TR,41.43194000,31.74583000
Zonguldak,Zonguldak,TR,41.45139000,31.79305000
